{
  "Precision@1": 0.6,
  "Recall@1": 0.6,
  "nDCG@1": 0.6,
  "Precision@5": 0.5555555555555556,
  "Recall@5": 0.6888888888888889,
  "nDCG@5": 0.642918915574135,
  "mAP": 0.6274074074074074
}